question,answer
What are the hospital's general OPD registration hours?,"OPD registration is open Monday to Saturday from 8:00 AM to 8:00 PM, and Sunday from 9:00 AM to 1:00 PM. Emergency registration is available 24x7 at the Emergency & Trauma desk."
Is parking available at the hospital?,"Yes, multi-level parking is available at the Main Entrance Wing with capacity for 150 cars and 200 two-wheelers. The first 30 minutes are free; thereafter, standard hourly parking charges apply."
Does the hospital have a cafeteria?,"Yes, the hospital cafeteria is located on the Ground Floor near OPD Block B and is open from 7:00 AM to 10:00 PM daily. A separate attendants' canteen is available in the Annex Block, open 24x7."
Is Wi-Fi available for patients and visitors?,"Yes, complimentary Wi-Fi is available in all waiting areas, OPD blocks, and general wards. Connect to the 'Sunrise-Guest' network and register with your registered mobile number to get access."
Are wheelchairs available for patients?,"Yes, wheelchairs are available free of charge at all entrances and can be requested at the help desk or from ward staff. For advance planning, patients can call the helpdesk before arrival."
Is there an ATM inside the hospital premises?,"Yes, an ATM is located near the Main OPD reception on the Ground Floor."
How do I file a complaint or give feedback?,"Complaints and feedback can be submitted at the Patient Relations Desk (Ground Floor, Main OPD), via the feedback box near the reception, or by calling the Patient Grievance Helpline. Feedback forms are also available at every nursing station."
What documents are required for OPD registration?,"A valid government photo ID (Aadhaar, PAN, passport, voter ID, or driving licence) is required for first-time OPD registration. Returning patients can use their hospital ID card or registered mobile number."
What is the process for hospital admission?,"For planned admission, the treating doctor issues an admission advice slip, which is taken to the Admission Desk along with ID proof and insurance/payment details. A bed is allocated based on availability and the patient's medical requirement. For emergency admission, the Emergency & Trauma department directly coordinates bed allocation."
What is the process for discharge?,"The treating doctor issues a discharge summary once the patient is medically fit. The billing department then finalizes the bill (adjusted for insurance/cashless approval if applicable), and after payment clearance, the discharge is processed, typically taking 2-4 hours from the doctor's discharge order."
What are the general ward visiting hours?,General ward visiting hours are 11:00 AM to 1:00 PM and 5:00 PM to 7:00 PM daily. A maximum of 2 visitors per patient is permitted at a time.
What are the ICU visiting hours?,"ICU visiting is restricted to 12:00 PM to 12:30 PM and 6:00 PM to 6:30 PM, with only 1 visitor per patient allowed at a time, subject to the treating doctor's discretion."
Can I get cashless treatment with my health insurance?,Cashless treatment is available if your insurer or TPA is empanelled with the hospital (see the Insurance & TPA list). You will need to submit your insurance card and ID proof at admission; the insurance desk will handle pre-authorization with your insurer.
What if my insurance provider is not empanelled with the hospital?,"You can still avail treatment by paying upfront and later claiming reimbursement directly from your insurance provider. The billing department can provide all necessary documents (itemized bill, discharge summary, reports) for your reimbursement claim."
Does the hospital have an in-house pharmacy?,"Yes, the in-house pharmacy is located on the Ground Floor near Main OPD and is open 24x7 for both outpatients and inpatients."
Are lab reports available online?,"Yes, most lab reports can be accessed online via the patient portal using your registered mobile number and a one-time password (OTP), usually within the stated report turnaround time for each test."
Is home collection available for lab tests?,"Yes, home sample collection is available for most blood and urine tests (see individual test listings). Radiology and cardiology diagnostic tests (X-ray, CT, MRI, ECG, Echo, etc.) require an in-person hospital visit."
How do I book an appointment with a doctor?,"Appointments can be booked via the hospital helpdesk, the patient portal/app, or by walking in to the OPD registration counter, subject to the doctor's listed availability (days and timings) in the Doctor Directory."
What should I bring for a pre-scheduled surgery?,"Patients should bring their admission advice slip, ID proof, insurance documents (if applicable), a list of current medications, and any prior test reports or scans related to the condition. Pre-surgical (pre-op) checkup tests should be completed in advance as advised."
Does the hospital provide ambulance services?,"Yes, the hospital operates its own ambulance fleet, including Basic Life Support (BLS), Advanced Life Support (ALS), ICU-equipped, and neonatal transport ambulances. These can be requested through the 24x7 ambulance helpline."
